{
	"credit": "Made with Blockbench",
	"texture_size": [64, 64],
	"textures": {
		"9": "item/Flintlock"
	},
	"elements": [
		{
			"from": [11, 2, 9],
			"to": [13, 3, 9],
			"rotation": {"angle": 0, "axis": "y", "origin": [19, 1, 8]},
			"faces": {
				"north": {"uv": [0, 3, 0.5, 3.25], "texture": "#9"},
				"east": {"uv": [0, 3, 0, 3.25], "texture": "#9"},
				"south": {"uv": [0.5, 3, 1, 3.25], "texture": "#9"},
				"west": {"uv": [0.5, 3, 0.5, 3.25], "texture": "#9"},
				"up": {"uv": [0.5, 3, 0, 3], "texture": "#9"},
				"down": {"uv": [1, 3, 0.5, 3], "texture": "#9"}
			}
		},
		{
			"from": [10, 2, 8.5],
			"to": [13, 2, 9.5],
			"rotation": {"angle": 0, "axis": "x", "origin": [12, 2.5, 9]},
			"faces": {
				"north": {"uv": [0, 3.5, 0.75, 3.5], "texture": "#9"},
				"east": {"uv": [-0.25, 3.5, 0, 3.5], "texture": "#9"},
				"south": {"uv": [1, 3.5, 1.75, 3.5], "texture": "#9"},
				"west": {"uv": [0.75, 3.5, 1, 3.5], "texture": "#9"},
				"up": {"uv": [0.75, 3.5, 0, 3.25], "texture": "#9"},
				"down": {"uv": [1.5, 3.25, 0.75, 3.5], "texture": "#9"}
			}
		},
		{
			"from": [10, 2, 8.5],
			"to": [10, 3, 9.5],
			"rotation": {"angle": 0, "axis": "y", "origin": [10, 2.5, 8.5]},
			"faces": {
				"north": {"uv": [0.25, 3.5, 0.25, 3.75], "texture": "#9"},
				"east": {"uv": [0, 3.5, 0.25, 3.75], "texture": "#9"},
				"south": {"uv": [0.5, 3.5, 0.5, 3.75], "texture": "#9"},
				"west": {"uv": [0.25, 3.5, 0.5, 3.75], "texture": "#9"},
				"up": {"uv": [0.25, 3.5, 0.25, 3.25], "texture": "#9"},
				"down": {"uv": [0.25, 3.25, 0.25, 3.5], "texture": "#9"}
			}
		},
		{
			"from": [-1, 3, 8.5],
			"to": [13, 4, 9.5],
			"rotation": {"angle": 0, "axis": "y", "origin": [19, 2, 8.5]},
			"faces": {
				"north": {"uv": [0.25, 0.75, 3.75, 1], "texture": "#9"},
				"east": {"uv": [0, 0.75, 0.25, 1], "texture": "#9"},
				"south": {"uv": [4, 0.75, 7.5, 1], "texture": "#9"},
				"west": {"uv": [3.75, 0.75, 4, 1], "texture": "#9"},
				"up": {"uv": [3.75, 0.75, 0.25, 0.5], "texture": "#9"},
				"down": {"uv": [7.25, 0.5, 3.75, 0.75], "texture": "#9"}
			}
		},
		{
			"from": [-8, 3, 9],
			"to": [-1, 4, 9],
			"rotation": {"angle": 0, "axis": "y", "origin": [5, 2, 8]},
			"faces": {
				"north": {"uv": [2.5, 2, 4.25, 2.25], "texture": "#9"},
				"east": {"uv": [2.5, 2, 2.5, 2.25], "texture": "#9"},
				"south": {"uv": [4.25, 2, 6, 2.25], "texture": "#9"},
				"west": {"uv": [4.25, 2, 4.25, 2.25], "texture": "#9"},
				"up": {"uv": [4.25, 2, 2.5, 2], "texture": "#9"},
				"down": {"uv": [6, 2, 4.25, 2], "texture": "#9"}
			}
		},
		{
			"from": [8, 3, 8],
			"to": [12, 5, 10],
			"rotation": {"angle": 0, "axis": "y", "origin": [19, 3, 9]},
			"faces": {
				"north": {"uv": [0.5, 2.5, 1.5, 3], "texture": "#9"},
				"east": {"uv": [0, 2.5, 0.5, 3], "texture": "#9"},
				"south": {"uv": [2, 2.5, 3, 3], "texture": "#9"},
				"west": {"uv": [1.5, 2.5, 2, 3], "texture": "#9"},
				"up": {"uv": [1.5, 2.5, 0.5, 2], "texture": "#9"},
				"down": {"uv": [2.5, 2, 1.5, 2.5], "texture": "#9"}
			}
		},
		{
			"from": [8.9, 4.5, 7.9],
			"to": [10.9, 5.5, 7.9],
			"rotation": {"angle": -45, "axis": "z", "origin": [9.9, 5, 7.9]},
			"faces": {
				"north": {"uv": [2.5, 2.25, 3, 2.5], "texture": "#9"},
				"east": {"uv": [2.5, 2.25, 2.5, 2.5], "texture": "#9"},
				"south": {"uv": [3, 2.25, 3.5, 2.5], "texture": "#9"},
				"west": {"uv": [3, 2.25, 3, 2.5], "texture": "#9"},
				"up": {"uv": [3, 2.25, 2.5, 2.25], "texture": "#9"},
				"down": {"uv": [3.5, 2.25, 3, 2.25], "texture": "#9"}
			}
		},
		{
			"from": [16, 1, 8.5],
			"to": [22, 4, 9.5],
			"rotation": {"angle": 0, "axis": "y", "origin": [25, 2, 8.5]},
			"faces": {
				"north": {"uv": [0.25, 1.25, 1.75, 2], "texture": "#9"},
				"east": {"uv": [0, 1.25, 0.25, 2], "texture": "#9"},
				"south": {"uv": [2, 1.25, 3.5, 2], "texture": "#9"},
				"west": {"uv": [1.75, 1.25, 2, 2], "texture": "#9"},
				"up": {"uv": [1.75, 1.25, 0.25, 1], "texture": "#9"},
				"down": {"uv": [3.25, 1, 1.75, 1.25], "texture": "#9"}
			}
		},
		{
			"from": [13, 2, 8.5],
			"to": [16, 4, 9.5],
			"rotation": {"angle": 0, "axis": "y", "origin": [21, 2, 8.5]},
			"faces": {
				"north": {"uv": [3, 3, 3.75, 3.5], "texture": "#9"},
				"east": {"uv": [2.75, 3, 3, 3.5], "texture": "#9"},
				"south": {"uv": [4, 3, 4.75, 3.5], "texture": "#9"},
				"west": {"uv": [3.75, 3, 4, 3.5], "texture": "#9"},
				"up": {"uv": [3.75, 3, 3, 2.75], "texture": "#9"},
				"down": {"uv": [4.5, 2.75, 3.75, 3], "texture": "#9"}
			}
		},
		{
			"from": [-16, 4, 8.5],
			"to": [14, 5, 9.5],
			"rotation": {"angle": 0, "axis": "y", "origin": [12, 3, 8.5]},
			"faces": {
				"north": {"uv": [0.25, 0.25, 7.75, 0.5], "texture": "#9"},
				"east": {"uv": [0, 0.25, 0.25, 0.5], "texture": "#9"},
				"south": {"uv": [8, 0.25, 15.5, 0.5], "texture": "#9"},
				"west": {"uv": [7.75, 0.25, 8, 0.5], "texture": "#9"},
				"up": {"uv": [7.75, 0.25, 0.25, 0], "texture": "#9"},
				"down": {"uv": [15.25, 0, 7.75, 0.25], "texture": "#9"}
			}
		}
	],
	"display": {
		"thirdperson_righthand": {
			"rotation": [0, -105, 0],
			"translation": [1, 5, -3]
		},
		"thirdperson_lefthand": {
			"rotation": [0, -90, 0],
			"translation": [1, 5, 5]
		},
		"firstperson_righthand": {
			"rotation": [0, -90, 0],
			"translation": [10, 8.75, 3.25]
		},
		"firstperson_lefthand": {
			"rotation": [0, 90, 0],
			"translation": [1.25, 8.75, 3.25]
		},
		"ground": {
			"translation": [0, 3.5, -1]
		},
		"gui": {
			"rotation": [0, 0, -45],
			"translation": [3.25, 0.25, 0],
			"scale": [0.5, 0.5, 0.5]
		},
		"head": {
			"rotation": [0, -90, 0],
			"translation": [1.75, 14.5, -1.5],
			"scale": [1.6, 1.6, 1.6]
		},
		"fixed": {
			"rotation": [0, -180, -45],
			"translation": [-10.5, 1, 0.75],
			"scale": [2, 2, 2]
		}
	},
	"groups": [
		{
			"name": "flintlock",
			"origin": [22, -33, -1],
			"color": 0,
			"children": [0, 1, 2, 3, 4, 5, 6, 7, 8, 9]
		}
	]
}