{
	"credit": "Made with Blockbench",
	"texture_size": [32, 32],
	"textures": {
		"6": "item/M16"
	},
	"elements": [
		{
			"from": [11, 4.85, 8.5],
			"to": [13, 5.85, 9.5],
			"rotation": {"angle": 0, "axis": "y", "origin": [7.25, 4.55216, 9]},
			"faces": {
				"north": {"uv": [6.5, 4.5, 7.5, 5], "texture": "#6"},
				"east": {"uv": [6, 4.5, 6.5, 5], "texture": "#6"},
				"south": {"uv": [8, 4.5, 9, 5], "texture": "#6"},
				"west": {"uv": [7.5, 4.5, 8, 5], "texture": "#6"},
				"up": {"uv": [7.5, 4.5, 6.5, 4], "texture": "#6"},
				"down": {"uv": [8.5, 4, 7.5, 4.5], "texture": "#6"}
			}
		},
		{
			"from": [5, 4.35, 8],
			"to": [11, 6.35, 10],
			"rotation": {"angle": 0, "axis": "y", "origin": [7.25, 4.55216, 9]},
			"faces": {
				"north": {"uv": [1, 1, 4, 2], "texture": "#6"},
				"east": {"uv": [0, 1, 1, 2], "texture": "#6"},
				"south": {"uv": [5, 1, 8, 2], "texture": "#6"},
				"west": {"uv": [4, 1, 5, 2], "texture": "#6"},
				"up": {"uv": [4, 1, 1, 0], "texture": "#6"},
				"down": {"uv": [7, 0, 4, 1], "texture": "#6"}
			}
		},
		{
			"from": [0, 4.35, 8],
			"to": [5, 6.35, 10],
			"rotation": {"angle": 0, "axis": "y", "origin": [7.25, 4.55216, 9]},
			"faces": {
				"north": {"uv": [1, 3, 3.5, 4], "texture": "#6"},
				"east": {"uv": [0, 3, 1, 4], "texture": "#6"},
				"south": {"uv": [4.5, 3, 7, 4], "texture": "#6"},
				"west": {"uv": [3.5, 3, 4.5, 4], "texture": "#6"},
				"up": {"uv": [3.5, 3, 1, 2], "texture": "#6"},
				"down": {"uv": [6, 2, 3.5, 3], "texture": "#6"}
			}
		},
		{
			"from": [-4, 4.85, 8.5],
			"to": [0, 5.85, 9.5],
			"rotation": {"angle": 0, "axis": "y", "origin": [7.25, 4.55216, 9]},
			"faces": {
				"north": {"uv": [6.5, 2.5, 8.5, 3], "texture": "#6"},
				"east": {"uv": [6, 2.5, 6.5, 3], "texture": "#6"},
				"south": {"uv": [9, 2.5, 11, 3], "texture": "#6"},
				"west": {"uv": [8.5, 2.5, 9, 3], "texture": "#6"},
				"up": {"uv": [8.5, 2.5, 6.5, 2], "texture": "#6"},
				"down": {"uv": [10.5, 2, 8.5, 2.5], "texture": "#6"}
			}
		},
		{
			"from": [-2, 5.85, 9],
			"to": [0, 7.85, 9],
			"rotation": {"angle": 0, "axis": "y", "origin": [7.25, 4.55216, 9]},
			"faces": {
				"north": {"uv": [7, 3, 8, 4], "texture": "#6"},
				"east": {"uv": [7, 3, 7, 4], "texture": "#6"},
				"south": {"uv": [8, 3, 9, 4], "texture": "#6"},
				"west": {"uv": [8, 3, 8, 4], "texture": "#6"},
				"up": {"uv": [8, 3, 7, 3], "texture": "#6"},
				"down": {"uv": [9, 3, 8, 3], "texture": "#6"}
			}
		},
		{
			"from": [5, 5.85, 9],
			"to": [10, 7.85, 9],
			"rotation": {"angle": 0, "axis": "y", "origin": [7.25, 4.55216, 9]},
			"faces": {
				"north": {"uv": [5, 5.5, 7.5, 6.5], "texture": "#6"},
				"east": {"uv": [5, 5.5, 5, 6.5], "texture": "#6"},
				"south": {"uv": [7.5, 5.5, 10, 6.5], "texture": "#6"},
				"west": {"uv": [7.5, 5.5, 7.5, 6.5], "texture": "#6"},
				"up": {"uv": [7.5, 5.5, 5, 5.5], "texture": "#6"},
				"down": {"uv": [10, 5.5, 7.5, 5.5], "texture": "#6"}
			}
		},
		{
			"from": [5, 3.35, 8],
			"to": [10, 4.35, 10],
			"rotation": {"angle": 0, "axis": "y", "origin": [7.25, 4.55216, 9]},
			"faces": {
				"north": {"uv": [1, 5, 3.5, 5.5], "texture": "#6"},
				"east": {"uv": [0, 5, 1, 5.5], "texture": "#6"},
				"south": {"uv": [4.5, 5, 7, 5.5], "texture": "#6"},
				"west": {"uv": [3.5, 5, 4.5, 5.5], "texture": "#6"},
				"up": {"uv": [3.5, 5, 1, 4], "texture": "#6"},
				"down": {"uv": [6, 4, 3.5, 5], "texture": "#6"}
			}
		},
		{
			"from": [7, 2.35, 9],
			"to": [10, 3.35, 9],
			"rotation": {"angle": 0, "axis": "y", "origin": [7.25, 4.55216, 9]},
			"faces": {
				"north": {"uv": [7, 0.5, 8.5, 1], "texture": "#6"},
				"east": {"uv": [7, 0.5, 7, 1], "texture": "#6"},
				"south": {"uv": [8.5, 0.5, 10, 1], "texture": "#6"},
				"west": {"uv": [8.5, 0.5, 8.5, 1], "texture": "#6"},
				"up": {"uv": [8.5, 0.5, 7, 0.5], "texture": "#6"},
				"down": {"uv": [10, 0.5, 8.5, 0.5], "texture": "#6"}
			}
		},
		{
			"from": [7, 2.35, 8.5],
			"to": [10, 2.35, 9.5],
			"rotation": {"angle": 0, "axis": "x", "origin": [7.25, 4.55216, 9]},
			"faces": {
				"north": {"uv": [7, 0.5, 8.5, 0.5], "texture": "#6"},
				"east": {"uv": [6.5, 0.5, 7, 0.5], "texture": "#6"},
				"south": {"uv": [9, 0.5, 10.5, 0.5], "texture": "#6"},
				"west": {"uv": [8.5, 0.5, 9, 0.5], "texture": "#6"},
				"up": {"uv": [8.5, 0.5, 7, 0], "texture": "#6"},
				"down": {"uv": [10, 0, 8.5, 0.5], "texture": "#6"}
			}
		},
		{
			"from": [6.18788, 0.03928, 8.5],
			"to": [8.18788, 4.03928, 9.5],
			"rotation": {"angle": -22.5, "axis": "z", "origin": [7.25, 4.55216, 9]},
			"faces": {
				"north": {"uv": [5, 7, 6, 9], "texture": "#6"},
				"east": {"uv": [4.5, 7, 5, 9], "texture": "#6"},
				"south": {"uv": [6.5, 7, 7.5, 9], "texture": "#6"},
				"west": {"uv": [6, 7, 6.5, 9], "texture": "#6"},
				"up": {"uv": [6, 7, 5, 6.5], "texture": "#6"},
				"down": {"uv": [7, 6.5, 6, 7], "texture": "#6"}
			}
		},
		{
			"from": [8.85122, 0.33585, 8.5],
			"to": [10.85122, 3.33585, 9.5],
			"rotation": {"angle": 22.5, "axis": "z", "origin": [7.25, 4.55216, 9]},
			"faces": {
				"north": {"uv": [0.5, 8, 1.5, 9.5], "texture": "#6"},
				"east": {"uv": [0, 8, 0.5, 9.5], "texture": "#6"},
				"south": {"uv": [2, 8, 3, 9.5], "texture": "#6"},
				"west": {"uv": [1.5, 8, 2, 9.5], "texture": "#6"},
				"up": {"uv": [1.5, 8, 0.5, 7.5], "texture": "#6"},
				"down": {"uv": [2.5, 7.5, 1.5, 8], "texture": "#6"}
			}
		},
		{
			"from": [13, 3.85, 8.5],
			"to": [17, 5.85, 9.5],
			"rotation": {"angle": 0, "axis": "y", "origin": [7.25, 4.55216, 9]},
			"faces": {
				"north": {"uv": [0.5, 6, 2.5, 7], "texture": "#6"},
				"east": {"uv": [0, 6, 0.5, 7], "texture": "#6"},
				"south": {"uv": [3, 6, 5, 7], "texture": "#6"},
				"west": {"uv": [2.5, 6, 3, 7], "texture": "#6"},
				"up": {"uv": [2.5, 6, 0.5, 5.5], "texture": "#6"},
				"down": {"uv": [4.5, 5.5, 2.5, 6], "texture": "#6"}
			}
		},
		{
			"from": [16, 2.85, 8.5],
			"to": [17, 3.85, 9.5],
			"rotation": {"angle": 0, "axis": "y", "origin": [7.25, 4.55216, 9]},
			"faces": {
				"north": {"uv": [2.5, 7.5, 3, 8], "texture": "#6"},
				"east": {"uv": [2, 7.5, 2.5, 8], "texture": "#6"},
				"south": {"uv": [3.5, 7.5, 4, 8], "texture": "#6"},
				"west": {"uv": [3, 7.5, 3.5, 8], "texture": "#6"},
				"up": {"uv": [3, 7.5, 2.5, 7], "texture": "#6"},
				"down": {"uv": [3.5, 7, 3, 7.5], "texture": "#6"}
			}
		}
	],
	"display": {
		"thirdperson_righthand": {
			"rotation": [0, -105, 0],
			"translation": [1, 4.75, 0.25]
		},
		"thirdperson_lefthand": {
			"rotation": [0, 90, 90],
			"translation": [-1, -2.5, 1.5]
		},
		"firstperson_righthand": {
			"rotation": [0, -90, 0],
			"translation": [10, 6.25, 3.25]
		},
		"firstperson_lefthand": {
			"rotation": [0, 90, 0],
			"translation": [1.25, 5.75, 2.25]
		},
		"ground": {
			"translation": [0, 4, -1]
		},
		"gui": {
			"rotation": [0, 0, -45],
			"translation": [3, 1.5, 0],
			"scale": [0.9, 0.9, 0.9]
		},
		"head": {
			"rotation": [0, -90, 0],
			"translation": [1.75, 13.25, -0.25],
			"scale": [1.6, 1.6, 1.6]
		},
		"fixed": {
			"rotation": [0, -180, -45],
			"translation": [-6.25, 2.5, 0.75],
			"scale": [2, 2, 2]
		}
	},
	"groups": [
		{
			"name": "M16",
			"origin": [2.18543, 28.08904, 0],
			"color": 0,
			"children": [0, 1, 2, 3, 4, 5, 6, 7, 8, 9, 10, 11, 12]
		}
	]
}