{
	"credit": "Made with Blockbench",
	"texture_size": [32, 32],
	"textures": {
		"13": "item/1911"
		},
	"elements": [
		{
			"from": [3, 2.85, 6.6],
			"to": [9.8, 3.65, 7.4],
			"rotation": {"angle": 0, "axis": "y", "origin": [8.35, 6.75, 8]},
			"faces": {
				"north": {"uv": [7.5, 1.5, 4, 2], "texture": "#13"},
				"east": {"uv": [8, 1.5, 7.5, 2], "texture": "#13"},
				"south": {"uv": [11.5, 1.5, 8, 2], "texture": "#13"},
				"west": {"uv": [4, 1.5, 3.5, 2], "texture": "#13"},
				"up": {"uv": [4, 1.5, 7.5, 1], "texture": "#13"},
				"down": {"uv": [7.5, 1, 11, 1.5], "texture": "#13"}
			}
		},
		{
			"from": [6.8, 1.85, 7],
			"to": [9.8, 2.85, 7],
			"rotation": {"angle": 0, "axis": "y", "origin": [8.35, 6.75, 8]},
			"faces": {
				"north": {"uv": [0, 4, 1.5, 4.5], "texture": "#13"},
				"east": {"uv": [0, 4, 0, 4.5], "texture": "#13"},
				"south": {"uv": [1.5, 4, 3, 4.5], "texture": "#13"},
				"west": {"uv": [1.5, 4, 1.5, 4.5], "texture": "#13"},
				"up": {"uv": [1.5, 4, 0, 4], "texture": "#13"},
				"down": {"uv": [3, 4, 1.5, 4], "texture": "#13"}
			}
		},
		{
			"from": [9.7, 0.5, 6.5],
			"to": [11.7, 4.5, 7.5],
			"rotation": {"angle": 22.5, "axis": "z", "origin": [10.95, -0.25, 8]},
			"faces": {
				"north": {"uv": [0.5, 2, 1.5, 4], "texture": "#13"},
				"east": {"uv": [0, 2, 0.5, 4], "texture": "#13"},
				"south": {"uv": [2, 2, 3, 4], "texture": "#13"},
				"west": {"uv": [1.5, 2, 2, 4], "texture": "#13"},
				"up": {"uv": [1.5, 2, 0.5, 1.5], "texture": "#13"},
				"down": {"uv": [2.5, 1.5, 1.5, 2], "texture": "#13"}
			}
		},
		{
			"from": [6.8, 1.85, 6.5],
			"to": [6.8, 2.85, 7.5],
			"rotation": {"angle": 0, "axis": "y", "origin": [8.35, 6.75, 8]},
			"faces": {
				"north": {"uv": [0.5, 5, 0.5, 5.5], "texture": "#13"},
				"east": {"uv": [0, 5, 0.5, 5.5], "texture": "#13"},
				"south": {"uv": [1, 5, 1, 5.5], "texture": "#13"},
				"west": {"uv": [0.5, 5, 1, 5.5], "texture": "#13"},
				"up": {"uv": [0.5, 5, 0.5, 4.5], "texture": "#13"},
				"down": {"uv": [0.5, 4.5, 0.5, 5], "texture": "#13"}
			}
		},
		{
			"from": [6.8, 1.85, 6.5],
			"to": [9.8, 1.85, 7.5],
			"rotation": {"angle": 0, "axis": "y", "origin": [8.35, 6.75, 8]},
			"faces": {
				"north": {"uv": [2.5, 5.5, 4, 5.5], "texture": "#13"},
				"east": {"uv": [2, 5.5, 2.5, 5.5], "texture": "#13"},
				"south": {"uv": [4.5, 5.5, 6, 5.5], "texture": "#13"},
				"west": {"uv": [4, 5.5, 4.5, 5.5], "texture": "#13"},
				"up": {"uv": [4, 5.5, 2.5, 5], "texture": "#13"},
				"down": {"uv": [5.5, 5, 4, 5.5], "texture": "#13"}
			}
		},
		{
			"from": [2.9, 3.65, 6.4],
			"to": [10, 4.85, 7.6],
			"rotation": {"angle": 0, "axis": "y", "origin": [7.7, 2.3, 7.5]},
			"faces": {
				"north": {"uv": [6, 0.5, 9, 1], "texture": "#13"},
				"east": {"uv": [5.5, 0.5, 6, 1], "texture": "#13"},
				"south": {"uv": [9.5, 0.5, 12.5, 1], "texture": "#13"},
				"west": {"uv": [9, 0.5, 9.5, 1], "texture": "#13"},
				"up": {"uv": [9, 0.5, 6, 0], "texture": "#13"},
				"down": {"uv": [12, 0, 9, 0.5], "texture": "#13"}
			}
		},
		{
			"from": [9.65, 3.6, 7],
			"to": [10.65, 4.6, 7],
			"rotation": {"angle": 0, "axis": "x", "origin": [10.2, 4.8, 7]},
			"faces": {
				"north": {"uv": [0.5, 0.5, 1, 1], "texture": "#13"},
				"east": {"uv": [0.5, 0.5, 0.5, 1], "texture": "#13"},
				"south": {"uv": [1, 0.5, 1.5, 1], "texture": "#13"},
				"west": {"uv": [1, 0.5, 1, 1], "texture": "#13"},
				"up": {"uv": [1, 0.5, 0.5, 0.5], "texture": "#13"},
				"down": {"uv": [1.5, 0.5, 1, 0.5], "texture": "#13"}
			}
		}
	],
	"display": {
		"thirdperson_righthand": {
			"rotation": [0, -90, 0],
			"translation": [-1, 5.1, 0.5]
		},
		"thirdperson_lefthand": {
			"rotation": [0, 90, 0],
			"translation": [1, 5.1, 0.25]
		},
		"firstperson_righthand": {
			"rotation": [0, -90, 0],
			"translation": [-4, 8.75, 3.75]
		},
		"firstperson_lefthand": {
			"rotation": [0, 90, 0],
			"translation": [-2.25, 8.75, 3.75]
		},
		"ground": {
			"translation": [0, 4.5, 1]
		},
		"gui": {
			"rotation": [0, 0, -45],
			"translation": [6.75, 5.25, 0],
			"scale": [1.7, 1.7, 1.7]
		},
		"head": {
			"rotation": [0, -90, 0],
			"translation": [-1.5, 14.75, -0.5],
			"scale": [1.6, 1.6, 1.6]
		},
		"fixed": {
			"rotation": [0, -180, -45],
			"translation": [-8, 6, -2.5],
			"scale": [2, 2, 2]
		}
	},
	"groups": [
		{
			"name": "1911",
			"origin": [1.7, 2.3, 0.5],
			"color": 0,
			"children": [0, 1, 2, 3, 4, 5, 6]
		}
	]
}