{
	"credit": "Made with Blockbench",
	"texture_size": [64, 64],
	"textures": {
		"7": "item/M24"
		},
	"elements": [
		{
			"from": [11, 2, 9],
			"to": [13, 3, 9],
			"rotation": {"angle": 0, "axis": "y", "origin": [19, 1, 8]},
			"faces": {
				"north": {"uv": [0.75, 3.5, 1.25, 3.75], "texture": "#7"},
				"east": {"uv": [0.75, 3.5, 0.75, 3.75], "texture": "#7"},
				"south": {"uv": [1.25, 3.5, 1.75, 3.75], "texture": "#7"},
				"west": {"uv": [1.25, 3.5, 1.25, 3.75], "texture": "#7"},
				"up": {"uv": [1.25, 3.5, 0.75, 3.5], "texture": "#7"},
				"down": {"uv": [1.75, 3.5, 1.25, 3.5], "texture": "#7"}
			}
		},
		{
			"from": [11, 2, 8.5],
			"to": [11, 3, 9.5],
			"rotation": {"angle": 0, "axis": "y", "origin": [11, 2.5, 9]},
			"faces": {
				"north": {"uv": [3, 3.75, 3, 4], "texture": "#7"},
				"east": {"uv": [2.75, 3.75, 3, 4], "texture": "#7"},
				"south": {"uv": [3.25, 3.75, 3.25, 4], "texture": "#7"},
				"west": {"uv": [3, 3.75, 3.25, 4], "texture": "#7"},
				"up": {"uv": [3, 3.75, 3, 3.5], "texture": "#7"},
				"down": {"uv": [3, 3.5, 3, 3.75], "texture": "#7"}
			}
		},
		{
			"from": [11, 2, 8.5],
			"to": [13, 2, 9.5],
			"rotation": {"angle": 0, "axis": "x", "origin": [12, 2, 9]},
			"faces": {
				"north": {"uv": [2, 3.75, 2.5, 3.75], "texture": "#7"},
				"east": {"uv": [1.75, 3.75, 2, 3.75], "texture": "#7"},
				"south": {"uv": [2.75, 3.75, 3.25, 3.75], "texture": "#7"},
				"west": {"uv": [2.5, 3.75, 2.75, 3.75], "texture": "#7"},
				"up": {"uv": [2.5, 3.75, 2, 3.5], "texture": "#7"},
				"down": {"uv": [3, 3.5, 2.5, 3.75], "texture": "#7"}
			}
		},
		{
			"from": [4, 5.5, 8.5],
			"to": [13, 6.5, 9.5],
			"rotation": {"angle": -45, "axis": "x", "origin": [8.5, 6, 9]},
			"faces": {
				"north": {"uv": [0.25, 1.5, 2.5, 1.75], "texture": "#7"},
				"east": {"uv": [0, 1.5, 0.25, 1.75], "texture": "#7"},
				"south": {"uv": [2.75, 1.5, 5, 1.75], "texture": "#7"},
				"west": {"uv": [2.5, 1.5, 2.75, 1.75], "texture": "#7"},
				"up": {"uv": [2.5, 1.5, 0.25, 1.25], "texture": "#7"},
				"down": {"uv": [4.75, 1.25, 2.5, 1.5], "texture": "#7"}
			}
		},
		{
			"from": [9, 6, 8.5],
			"to": [10, 7, 9.5],
			"rotation": {"angle": 0, "axis": "x", "origin": [9.5, 6, 9]},
			"faces": {
				"north": {"uv": [0.25, 3.75, 0.5, 4], "texture": "#7"},
				"east": {"uv": [0, 3.75, 0.25, 4], "texture": "#7"},
				"south": {"uv": [0.75, 3.75, 1, 4], "texture": "#7"},
				"west": {"uv": [0.5, 3.75, 0.75, 4], "texture": "#7"},
				"up": {"uv": [0.5, 3.75, 0.25, 3.5], "texture": "#7"},
				"down": {"uv": [0.75, 3.5, 0.5, 3.75], "texture": "#7"}
			}
		},
		{
			"from": [10, 4.5, 6],
			"to": [11, 4.5, 8],
			"rotation": {"angle": -22.5, "axis": "x", "origin": [10.5, 4.5, 8]},
			"faces": {
				"north": {"uv": [3.5, 2.25, 3.75, 2.25], "texture": "#7"},
				"east": {"uv": [3, 2.25, 3.5, 2.25], "texture": "#7"},
				"south": {"uv": [4.25, 2.25, 4.5, 2.25], "texture": "#7"},
				"west": {"uv": [3.75, 2.25, 4.25, 2.25], "texture": "#7"},
				"up": {"uv": [3.75, 2.25, 3.5, 1.75], "texture": "#7"},
				"down": {"uv": [4, 1.75, 3.75, 2.25], "texture": "#7"}
			}
		},
		{
			"from": [13, 6.70503, 7.99497],
			"to": [13, 7.70503, 8.99497],
			"rotation": {"angle": 45, "axis": "x", "origin": [13, 6.7, 9]},
			"faces": {
				"north": {"uv": [0.25, 0.5, 0.25, 0.75], "texture": "#7"},
				"east": {"uv": [0, 0.5, 0.25, 0.75], "texture": "#7"},
				"south": {"uv": [0.5, 0.5, 0.5, 0.75], "texture": "#7"},
				"west": {"uv": [0.25, 0.5, 0.5, 0.75], "texture": "#7"},
				"up": {"uv": [0.25, 0.5, 0.25, 0.25], "texture": "#7"},
				"down": {"uv": [0.25, 0.25, 0.25, 0.5], "texture": "#7"}
			}
		},
		{
			"from": [4, 6.69497, 9.00503],
			"to": [4, 7.69497, 10.00503],
			"rotation": {"angle": -45, "axis": "x", "origin": [4, 6.7, 9]},
			"faces": {
				"north": {"uv": [0.25, 0.5, 0.25, 0.75], "texture": "#7"},
				"east": {"uv": [0, 0.5, 0.25, 0.75], "texture": "#7"},
				"south": {"uv": [0.5, 0.5, 0.5, 0.75], "texture": "#7"},
				"west": {"uv": [0.25, 0.5, 0.5, 0.75], "texture": "#7"},
				"up": {"uv": [0.25, 0.5, 0.25, 0.25], "texture": "#7"},
				"down": {"uv": [0.25, 0.25, 0.25, 0.5], "texture": "#7"}
			}
		},
		{
			"from": [0, 3, 8],
			"to": [14, 4, 10],
			"rotation": {"angle": 0, "axis": "y", "origin": [19, 2, 9]},
			"faces": {
				"north": {"uv": [0.5, 1, 4, 1.25], "texture": "#7"},
				"east": {"uv": [0, 1, 0.5, 1.25], "texture": "#7"},
				"south": {"uv": [4.5, 1, 8, 1.25], "texture": "#7"},
				"west": {"uv": [4, 1, 4.5, 1.25], "texture": "#7"},
				"up": {"uv": [4, 1, 0.5, 0.5], "texture": "#7"},
				"down": {"uv": [7.5, 0.5, 4, 1], "texture": "#7"}
			}
		},
		{
			"from": [6, 4, 8],
			"to": [12, 5, 10],
			"rotation": {"angle": 0, "axis": "y", "origin": [19, 3, 9]},
			"faces": {
				"north": {"uv": [0.5, 2.25, 2, 2.5], "texture": "#7"},
				"east": {"uv": [0, 2.25, 0.5, 2.5], "texture": "#7"},
				"south": {"uv": [2.5, 2.25, 4, 2.5], "texture": "#7"},
				"west": {"uv": [2, 2.25, 2.5, 2.5], "texture": "#7"},
				"up": {"uv": [2, 2.25, 0.5, 1.75], "texture": "#7"},
				"down": {"uv": [3.5, 1.75, 2, 2.25], "texture": "#7"}
			}
		},
		{
			"from": [15, 1, 8.5],
			"to": [20, 4, 9.5],
			"rotation": {"angle": 0, "axis": "y", "origin": [25, 2, 8.5]},
			"faces": {
				"north": {"uv": [0.25, 2.75, 1.5, 3.5], "texture": "#7"},
				"east": {"uv": [0, 2.75, 0.25, 3.5], "texture": "#7"},
				"south": {"uv": [1.75, 2.75, 3, 3.5], "texture": "#7"},
				"west": {"uv": [1.5, 2.75, 1.75, 3.5], "texture": "#7"},
				"up": {"uv": [1.5, 2.75, 0.25, 2.5], "texture": "#7"},
				"down": {"uv": [2.75, 2.5, 1.5, 2.75], "texture": "#7"}
			}
		},
		{
			"from": [13, 1, 8.5],
			"to": [15, 3, 9.5],
			"rotation": {"angle": 0, "axis": "y", "origin": [21, 1, 8.5]},
			"faces": {
				"north": {"uv": [3.25, 3, 3.75, 3.5], "texture": "#7"},
				"east": {"uv": [3, 3, 3.25, 3.5], "texture": "#7"},
				"south": {"uv": [4, 3, 4.5, 3.5], "texture": "#7"},
				"west": {"uv": [3.75, 3, 4, 3.5], "texture": "#7"},
				"up": {"uv": [3.75, 3, 3.25, 2.75], "texture": "#7"},
				"down": {"uv": [4.25, 2.75, 3.75, 3], "texture": "#7"}
			}
		},
		{
			"from": [6, 5, 9],
			"to": [12, 6, 9],
			"rotation": {"angle": 0, "axis": "y", "origin": [19, 4, 9]},
			"faces": {
				"north": {"uv": [2.75, 2.5, 4.25, 2.75], "texture": "#7"},
				"east": {"uv": [2.75, 2.5, 2.75, 2.75], "texture": "#7"},
				"south": {"uv": [4.25, 2.5, 5.75, 2.75], "texture": "#7"},
				"west": {"uv": [4.25, 2.5, 4.25, 2.75], "texture": "#7"},
				"up": {"uv": [4.25, 2.5, 2.75, 2.5], "texture": "#7"},
				"down": {"uv": [5.75, 2.5, 4.25, 2.5], "texture": "#7"}
			}
		},
		{
			"from": [-8, 4, 8.5],
			"to": [13, 5, 9.5],
			"rotation": {"angle": 0, "axis": "y", "origin": [19, 3, 8.5]},
			"faces": {
				"north": {"uv": [0.25, 0.25, 5.5, 0.5], "texture": "#7"},
				"east": {"uv": [0, 0.25, 0.25, 0.5], "texture": "#7"},
				"south": {"uv": [5.75, 0.25, 11, 0.5], "texture": "#7"},
				"west": {"uv": [5.5, 0.25, 5.75, 0.5], "texture": "#7"},
				"up": {"uv": [5.5, 0.25, 0.25, 0], "texture": "#7"},
				"down": {"uv": [10.75, 0, 5.5, 0.25], "texture": "#7"}
			}
		}
	],
	"display": {
		"thirdperson_righthand": {
			"rotation": [0, -90, 0],
			"translation": [1, 5.1, -3.75]
		},
		"thirdperson_lefthand": {
			"rotation": [0, 90, 0],
			"translation": [-1, 5.1, -3.75]
		},
		"firstperson_righthand": {
			"rotation": [0, -90, 0],
			"translation": [-4.5, 8.75, 3.25]
		},
		"firstperson_lefthand": {
			"rotation": [0, 90, 0],
			"translation": [-5.25, 8, 2.25]
		},
		"ground": {
			"translation": [0, 3.25, -1]
		},
		"gui": {
			"rotation": [0, 0, -45],
			"translation": [3, 1.5, 0],
			"scale": [0.7, 0.7, 0.7]
		},
		"head": {
			"rotation": [0, -90, 0],
			"translation": [1.75, 13.25, -0.25],
			"scale": [1.6, 1.6, 1.6]
		},
		"fixed": {
			"rotation": [0, -180, -45],
			"translation": [-7.25, 4, 0.75],
			"scale": [2, 2, 2]
		}
	},
	"groups": [
		{
			"name": "M24",
			"origin": [5.96429, 2.42195, -0.53742],
			"color": 0,
			"children": [0, 1, 2, 3, 4, 5, 6, 7, 8, 9, 10, 11, 12, 13]
		}
	]
}