{
	"credit": "Made with Blockbench",
	"texture_size": [64, 64],
	"textures": {
		"16": "item/M82"
	},
	"elements": [
		{
			"from": [-2, 6.3, 8],
			"to": [22, 8.3, 10],
			"rotation": {"angle": 0, "axis": "y", "origin": [6, -5.7, 0]},
			"faces": {
				"north": {"uv": [0.5, 0.5, 6.5, 1], "texture": "#16"},
				"east": {"uv": [0, 0.5, 0.5, 1], "texture": "#16"},
				"south": {"uv": [7, 0.5, 13, 1], "texture": "#16"},
				"west": {"uv": [6.5, 0.5, 7, 1], "texture": "#16"},
				"up": {"uv": [6.5, 0.5, 0.5, 0], "texture": "#16"},
				"down": {"uv": [12.5, 0, 6.5, 0.5], "texture": "#16"}
			}
		},
		{
			"from": [1, 3.04082, 7.79272],
			"to": [2, 9.04082, 7.79272],
			"rotation": {"angle": 22.5, "axis": "x", "origin": [-0.5, 5.64254, 0]},
			"faces": {
				"north": {"uv": [1.5, 3.75, 1.75, 5.25], "texture": "#16"},
				"east": {"uv": [1.5, 3.75, 1.5, 5.25], "texture": "#16"},
				"south": {"uv": [1.75, 3.75, 2, 5.25], "texture": "#16"},
				"west": {"uv": [1.75, 3.75, 1.75, 5.25], "texture": "#16"},
				"up": {"uv": [1.75, 3.75, 1.5, 3.75], "texture": "#16"},
				"down": {"uv": [2, 3.75, 1.75, 3.75], "texture": "#16"}
			}
		},
		{
			"from": [1, 3.04082, 7.29272],
			"to": [2, 3.04082, 8.29272],
			"rotation": {"angle": 22.5, "axis": "x", "origin": [-0.5, 5.64254, 0]},
			"faces": {
				"north": {"uv": [2, 4, 2.25, 4], "texture": "#16"},
				"east": {"uv": [1.75, 4, 2, 4], "texture": "#16"},
				"south": {"uv": [2.5, 4, 2.75, 4], "texture": "#16"},
				"west": {"uv": [2.25, 4, 2.5, 4], "texture": "#16"},
				"up": {"uv": [2.25, 4, 2, 3.75], "texture": "#16"},
				"down": {"uv": [2.5, 3.75, 2.25, 4], "texture": "#16"}
			}
		},
		{
			"from": [1, -3.84748, 8.83711],
			"to": [2, 2.15252, 8.83711],
			"rotation": {"angle": -22.5, "axis": "x", "origin": [-0.5, 5.64254, 0]},
			"faces": {
				"north": {"uv": [1.5, 3.75, 1.75, 5.25], "texture": "#16"},
				"east": {"uv": [1.5, 3.75, 1.5, 5.25], "texture": "#16"},
				"south": {"uv": [1.75, 3.75, 2, 5.25], "texture": "#16"},
				"west": {"uv": [1.75, 3.75, 1.75, 5.25], "texture": "#16"},
				"up": {"uv": [1.75, 3.75, 1.5, 3.75], "texture": "#16"},
				"down": {"uv": [2, 3.75, 1.75, 3.75], "texture": "#16"}
			}
		},
		{
			"from": [1, -3.84748, 8.33711],
			"to": [2, -3.84748, 9.33711],
			"rotation": {"angle": -22.5, "axis": "x", "origin": [-0.5, 5.64254, 0]},
			"faces": {
				"north": {"uv": [2, 4, 2.25, 4], "texture": "#16"},
				"east": {"uv": [1.75, 4, 2, 4], "texture": "#16"},
				"south": {"uv": [2.5, 4, 2.75, 4], "texture": "#16"},
				"west": {"uv": [2.25, 4, 2.5, 4], "texture": "#16"},
				"up": {"uv": [2.25, 4, 2, 3.75], "texture": "#16"},
				"down": {"uv": [2.5, 3.75, 2.25, 4], "texture": "#16"}
			}
		},
		{
			"from": [6, 11.14924, -1.12132],
			"to": [7, 11.14924, 0.87868],
			"rotation": {"angle": 45, "axis": "x", "origin": [-8.5, -3.7, 1]},
			"faces": {
				"north": {"uv": [4, 2.5, 4.25, 2.5], "texture": "#16"},
				"east": {"uv": [3.5, 2.5, 4, 2.5], "texture": "#16"},
				"south": {"uv": [4.75, 2.5, 5, 2.5], "texture": "#16"},
				"west": {"uv": [4.25, 2.5, 4.75, 2.5], "texture": "#16"},
				"up": {"uv": [4.25, 2.5, 4, 2], "texture": "#16"},
				"down": {"uv": [4.5, 2, 4.25, 2.5], "texture": "#16"}
			}
		},
		{
			"from": [18, 4.3, 8.5],
			"to": [22, 5.3, 9.5],
			"rotation": {"angle": 0, "axis": "y", "origin": [5, -7.7, -0.5]},
			"faces": {
				"north": {"uv": [3.25, 3.75, 4.25, 4], "texture": "#16"},
				"east": {"uv": [3, 3.75, 3.25, 4], "texture": "#16"},
				"south": {"uv": [4.5, 3.75, 5.5, 4], "texture": "#16"},
				"west": {"uv": [4.25, 3.75, 4.5, 4], "texture": "#16"},
				"up": {"uv": [4.25, 3.75, 3.25, 3.5], "texture": "#16"},
				"down": {"uv": [5.25, 3.5, 4.25, 3.75], "texture": "#16"}
			}
		},
		{
			"from": [22, 4.3, 8],
			"to": [23, 8.3, 10],
			"rotation": {"angle": 0, "axis": "y", "origin": [5, -7.7, 0]},
			"faces": {
				"north": {"uv": [2.5, 4, 2.75, 5], "texture": "#16"},
				"east": {"uv": [2, 4, 2.5, 5], "texture": "#16"},
				"south": {"uv": [3.25, 4, 3.5, 5], "texture": "#16"},
				"west": {"uv": [2.75, 4, 3.25, 5], "texture": "#16"},
				"up": {"uv": [2.75, 4, 2.5, 3.5], "texture": "#16"},
				"down": {"uv": [3, 3.5, 2.75, 4], "texture": "#16"}
			}
		},
		{
			"from": [18, 5.3, 8.5],
			"to": [18, 6.3, 9.5],
			"rotation": {"angle": 0, "axis": "y", "origin": [2, -7.7, -0.5]},
			"faces": {
				"north": {"uv": [0.25, 2, 0.25, 2.25], "texture": "#16"},
				"east": {"uv": [0, 2, 0.25, 2.25], "texture": "#16"},
				"south": {"uv": [0.5, 2, 0.5, 2.25], "texture": "#16"},
				"west": {"uv": [0.25, 2, 0.5, 2.25], "texture": "#16"},
				"up": {"uv": [0.25, 2, 0.25, 1.75], "texture": "#16"},
				"down": {"uv": [0.25, 1.75, 0.25, 2], "texture": "#16"}
			}
		},
		{
			"from": [6, 12.14924, -2.62132],
			"to": [15, 13.14924, -1.62132],
			"rotation": {"angle": 45, "axis": "x", "origin": [-4.5, -2.2, 0]},
			"faces": {
				"north": {"uv": [0.25, 1.75, 2.5, 2], "texture": "#16"},
				"east": {"uv": [0, 1.75, 0.25, 2], "texture": "#16"},
				"south": {"uv": [2.75, 1.75, 5, 2], "texture": "#16"},
				"west": {"uv": [2.5, 1.75, 2.75, 2], "texture": "#16"},
				"up": {"uv": [2.5, 1.75, 0.25, 1.5], "texture": "#16"},
				"down": {"uv": [4.75, 1.5, 2.5, 1.75], "texture": "#16"}
			}
		},
		{
			"from": [8.5, 2.3, 8.5],
			"to": [12.5, 5.3, 9.5],
			"rotation": {"angle": 0, "axis": "y", "origin": [-4.5, -8.2, 0]},
			"faces": {
				"north": {"uv": [0.25, 3, 1.25, 3.75], "texture": "#16"},
				"east": {"uv": [0, 3, 0.25, 3.75], "texture": "#16"},
				"south": {"uv": [1.5, 3, 2.5, 3.75], "texture": "#16"},
				"west": {"uv": [1.25, 3, 1.5, 3.75], "texture": "#16"},
				"up": {"uv": [1.25, 3, 0.25, 2.75], "texture": "#16"},
				"down": {"uv": [2.25, 2.75, 1.25, 3], "texture": "#16"}
			}
		},
		{
			"from": [12.5, 4.3, 9],
			"to": [14.5, 5.3, 9],
			"rotation": {"angle": 0, "axis": "y", "origin": [8.5, -8.7, 0]},
			"faces": {
				"north": {"uv": [4.5, 4.25, 5, 4.5], "texture": "#16"},
				"east": {"uv": [4.5, 4.25, 4.5, 4.5], "texture": "#16"},
				"south": {"uv": [5, 4.25, 5.5, 4.5], "texture": "#16"},
				"west": {"uv": [5, 4.25, 5, 4.5], "texture": "#16"},
				"up": {"uv": [5, 4.25, 4.5, 4.25], "texture": "#16"},
				"down": {"uv": [5.5, 4.25, 5, 4.25], "texture": "#16"}
			}
		},
		{
			"from": [12.5, 4.3, 8.5],
			"to": [14.5, 4.3, 9.5],
			"rotation": {"angle": 0, "axis": "x", "origin": [13.5, 4.3, 9]},
			"faces": {
				"north": {"uv": [4.25, 4.25, 4.75, 4.25], "texture": "#16"},
				"east": {"uv": [4, 4.25, 4.25, 4.25], "texture": "#16"},
				"south": {"uv": [5, 4.25, 5.5, 4.25], "texture": "#16"},
				"west": {"uv": [4.75, 4.25, 5, 4.25], "texture": "#16"},
				"up": {"uv": [4.75, 4.25, 4.25, 4], "texture": "#16"},
				"down": {"uv": [5.25, 4, 4.75, 4.25], "texture": "#16"}
			}
		},
		{
			"from": [8, 5.3, 8],
			"to": [15, 6.3, 10],
			"rotation": {"angle": 0, "axis": "y", "origin": [6, -5.7, 0]},
			"faces": {
				"north": {"uv": [0.5, 2.5, 2.25, 2.75], "texture": "#16"},
				"east": {"uv": [0, 2.5, 0.5, 2.75], "texture": "#16"},
				"south": {"uv": [2.75, 2.5, 4.5, 2.75], "texture": "#16"},
				"west": {"uv": [2.25, 2.5, 2.75, 2.75], "texture": "#16"},
				"up": {"uv": [2.25, 2.5, 0.5, 2], "texture": "#16"},
				"down": {"uv": [4, 2, 2.25, 2.5], "texture": "#16"}
			}
		},
		{
			"from": [1, 5.3, 8.5],
			"to": [2, 6.3, 9.5],
			"rotation": {"angle": 0, "axis": "y", "origin": [-1, -5.7, -0.5]},
			"faces": {
				"north": {"uv": [4.5, 2.75, 4.75, 3], "texture": "#16"},
				"east": {"uv": [4.25, 2.75, 4.5, 3], "texture": "#16"},
				"south": {"uv": [5, 2.75, 5.25, 3], "texture": "#16"},
				"west": {"uv": [4.75, 2.75, 5, 3], "texture": "#16"},
				"up": {"uv": [4.75, 2.75, 4.5, 2.5], "texture": "#16"},
				"down": {"uv": [5, 2.5, 4.75, 2.75], "texture": "#16"}
			}
		},
		{
			"from": [6, -3.82868, 17.09924],
			"to": [10, -2.82868, 18.09924],
			"rotation": {"angle": -45, "axis": "x", "origin": [-7, -5.45, 2.75]},
			"faces": {
				"north": {"uv": [2.25, 5.25, 3.25, 5.5], "texture": "#16"},
				"east": {"uv": [2, 5.25, 2.25, 5.5], "texture": "#16"},
				"south": {"uv": [3.5, 5.25, 4.5, 5.5], "texture": "#16"},
				"west": {"uv": [3.25, 5.25, 3.5, 5.5], "texture": "#16"},
				"up": {"uv": [3.25, 5.25, 2.25, 5], "texture": "#16"},
				"down": {"uv": [4.25, 5, 3.25, 5.25], "texture": "#16"}
			}
		},
		{
			"from": [9, 7.8, 8.5],
			"to": [13, 8.8, 9.5],
			"rotation": {"angle": 0, "axis": "y", "origin": [4, -3.2, -0.5]},
			"faces": {
				"north": {"uv": [2.75, 3.25, 3.75, 3.5], "texture": "#16"},
				"east": {"uv": [2.5, 3.25, 2.75, 3.5], "texture": "#16"},
				"south": {"uv": [4, 3.25, 5, 3.5], "texture": "#16"},
				"west": {"uv": [3.75, 3.25, 4, 3.5], "texture": "#16"},
				"up": {"uv": [3.75, 3.25, 2.75, 3], "texture": "#16"},
				"down": {"uv": [4.75, 3, 3.75, 3.25], "texture": "#16"}
			}
		},
		{
			"from": [11, 9.8, 8.5],
			"to": [12, 10.8, 9.5],
			"rotation": {"angle": 0, "axis": "y", "origin": [4, -1.2, -0.5]},
			"faces": {
				"north": {"uv": [3.75, 4.25, 4, 4.5], "texture": "#16"},
				"east": {"uv": [3.5, 4.25, 3.75, 4.5], "texture": "#16"},
				"south": {"uv": [4.25, 4.25, 4.5, 4.5], "texture": "#16"},
				"west": {"uv": [4, 4.25, 4.25, 4.5], "texture": "#16"},
				"up": {"uv": [4, 4.25, 3.75, 4], "texture": "#16"},
				"down": {"uv": [4.25, 4, 4, 4.25], "texture": "#16"}
			}
		},
		{
			"from": [9, 8.8, 9.07817],
			"to": [13, 9.8, 9.07817],
			"rotation": {"angle": 0, "axis": "y", "origin": [-5.5, -2.7, 0]},
			"faces": {
				"north": {"uv": [2.25, 2.75, 3.25, 3], "texture": "#16"},
				"east": {"uv": [2.25, 2.75, 2.25, 3], "texture": "#16"},
				"south": {"uv": [3.25, 2.75, 4.25, 3], "texture": "#16"},
				"west": {"uv": [3.25, 2.75, 3.25, 3], "texture": "#16"},
				"up": {"uv": [3.25, 2.75, 2.25, 2.75], "texture": "#16"},
				"down": {"uv": [4.25, 2.75, 3.25, 2.75], "texture": "#16"}
			}
		},
		{
			"from": [14.23874, 3.30502, 8.5],
			"to": [16.23874, 6.30502, 9.5],
			"rotation": {"angle": 22.5, "axis": "z", "origin": [15.22289, 5.02806, 9]},
			"faces": {
				"north": {"uv": [0.25, 4, 0.75, 4.75], "texture": "#16"},
				"east": {"uv": [0, 4, 0.25, 4.75], "texture": "#16"},
				"south": {"uv": [1, 4, 1.5, 4.75], "texture": "#16"},
				"west": {"uv": [0.75, 4, 1, 4.75], "texture": "#16"},
				"up": {"uv": [0.75, 4, 0.25, 3.75], "texture": "#16"},
				"down": {"uv": [1.25, 3.75, 0.75, 4], "texture": "#16"}
			}
		},
		{
			"from": [-14, 7.3, 8.5],
			"to": [-2, 8.3, 9.5],
			"rotation": {"angle": 0, "axis": "y", "origin": [-9, -5.7, -0.5]},
			"faces": {
				"north": {"uv": [0.25, 1.25, 3.25, 1.5], "texture": "#16"},
				"east": {"uv": [0, 1.25, 0.25, 1.5], "texture": "#16"},
				"south": {"uv": [3.5, 1.25, 6.5, 1.5], "texture": "#16"},
				"west": {"uv": [3.25, 1.25, 3.5, 1.5], "texture": "#16"},
				"up": {"uv": [3.25, 1.25, 0.25, 1], "texture": "#16"},
				"down": {"uv": [6.25, 1, 3.25, 1.25], "texture": "#16"}
			}
		},
		{
			"from": [-16, 7.3, 8],
			"to": [-14, 8.3, 10],
			"rotation": {"angle": 0, "axis": "y", "origin": [-9, -5.7, -0.5]},
			"faces": {
				"north": {"uv": [0.5, 5.25, 1, 5.5], "texture": "#16"},
				"east": {"uv": [0, 5.25, 0.5, 5.5], "texture": "#16"},
				"south": {"uv": [1.5, 5.25, 2, 5.5], "texture": "#16"},
				"west": {"uv": [1, 5.25, 1.5, 5.5], "texture": "#16"},
				"up": {"uv": [1, 5.25, 0.5, 4.75], "texture": "#16"},
				"down": {"uv": [1.5, 4.75, 1, 5.25], "texture": "#16"}
			}
		},
		{
			"from": [14.99289, 0.61701, 14.86001],
			"to": [14.99289, 1.61701, 15.86001],
			"rotation": {"angle": -45, "axis": "x", "origin": [0, -1.5, 0]},
			"faces": {
				"north": {"uv": [0.25, 0.25, 0.25, 0.5], "texture": "#16"},
				"east": {"uv": [0, 0.25, 0.25, 0.5], "texture": "#16"},
				"south": {"uv": [0.5, 0.25, 0.5, 0.5], "texture": "#16"},
				"west": {"uv": [0.25, 0.25, 0.5, 0.5], "texture": "#16"},
				"up": {"uv": [0.25, 0.25, 0.25, 0], "texture": "#16"},
				"down": {"uv": [0.25, 0, 0.25, 0.25], "texture": "#16"}
			}
		},
		{
			"from": [6.02767, 13.3846, -3.14663],
			"to": [6.02767, 14.3846, -2.14663],
			"rotation": {"angle": 45, "axis": "x", "origin": [-9, -1.5, 0]},
			"faces": {
				"north": {"uv": [0.25, 0.25, 0.25, 0.5], "texture": "#16"},
				"east": {"uv": [0, 0.25, 0.25, 0.5], "texture": "#16"},
				"south": {"uv": [0.5, 0.25, 0.5, 0.5], "texture": "#16"},
				"west": {"uv": [0.25, 0.25, 0.5, 0.5], "texture": "#16"},
				"up": {"uv": [0.25, 0.25, 0.25, 0], "texture": "#16"},
				"down": {"uv": [0.25, 0, 0.25, 0.25], "texture": "#16"}
			}
		}
	],
	"display": {
		"thirdperson_righthand": {
			"rotation": [0, -90, 0],
			"translation": [1, 2.85, -4.75]
		},
		"thirdperson_lefthand": {
			"rotation": [0, -90, 0],
			"translation": [1.25, 2.85, 6.25]
		},
		"firstperson_righthand": {
			"rotation": [0, -90, 0],
			"translation": [-5.75, 6, 2.25]
		},
		"firstperson_lefthand": {
			"rotation": [0, 90, 0],
			"translation": [-7.75, 6, 2.25]
		},
		"ground": {
			"translation": [0, 4, -1]
		},
		"gui": {
			"rotation": [0, 0, -45],
			"translation": [1.75, -1, 0],
			"scale": [0.52, 0.52, 0.52]
		},
		"head": {
			"rotation": [0, -90, 0],
			"translation": [1.75, 10.75, -5],
			"scale": [1.6, 1.6, 1.6]
		},
		"fixed": {
			"rotation": [0, -180, -45],
			"translation": [-6.5, -4, 0.75],
			"scale": [2, 2, 2]
		}
	},
	"groups": [
		{
			"name": "M82",
			"origin": [10.25259, 4.6626, 0.19379],
			"color": 0,
			"children": [0, 1, 2, 3, 4, 5, 6, 7, 8, 9, 10, 11, 12, 13, 14, 15, 16, 17, 18, 19, 20, 21, 22, 23]
		}
	]
}