{
  "parent": "item/generated",
  "textures": {
  "layer0": "item/crossbow_standby"
  },
  "display": {
  "thirdperson_righthand": {
  "rotation": [ -90, 0, -60 ],
  "translation": [ 2, 0.1, -3 ],
  "scale": [ 1.0, 1.0, 1.0 ]
  },
  "thirdperson_lefthand": {
  "rotation": [ -90, 0, 30 ],
  "translation": [ 2, 0.1, -3 ],
  "scale": [ 1.0, 1.0, 1.0 ]
  },
  "firstperson_righthand": {
  "rotation": [ -90, 0, -55 ],
  "translation": [ 1.13, 3.2, 1.13 ],
  "scale": [ 1.0, 1.0, 1.0 ]
  },
  "firstperson_lefthand": {
  "rotation": [ -90, 0, 35 ],
  "translation": [ 1.13, 3.2, 1.13 ],
  "scale": [ 1.0, 1.0, 1.0 ]
  },
  "ground": {
  "rotation": [ 0, 0, 0 ],
  "translation": [ 0, 0, 0 ],
  "scale": [ 1.0, 1.0, 1.0 ]
  },
  "fixed": {
  "rotation": [ 0, 0, 0 ],
  "translation": [ 0, 0, 0 ],
  "scale": [ 6.0, 6.0, 1.5 ]
  },
  "gui": {
  "rotation": [ 0, 0, 0 ],
  "translation": [ 0, 0, 0 ],
  "scale": [ 1.0, 1.0, 1.0 ]
  }
  },
  "overrides":
  [
  {"predicate": {"pulling": 1}, "model": "item/crossbow_pulling_0"},
  {"predicate": {"pulling": 1, "pull": 0.58}, "model": "item/crossbow_pulling_1"},
  {"predicate": {"pulling": 1, "pull": 1.0}, "model": "item/crossbow_pulling_2"},
  {"predicate": {"charged": 1}, "model": "item/crossbow_arrow"},
  {"predicate": {"charged": 1, "firework": 1}, "model": "item/crossbow_firework"},
  
  {"predicate": {"custom_model_data":253001}, "model": "item/1911"},
  {"predicate": {"custom_model_data":253001,"pulling": 1}, "model": "item/1911"},
  {"predicate": {"custom_model_data":253001, "pulling": 1, "pull":  0.58}, "model": "item/1911"},
  {"predicate": {"custom_model_data":253001, "pulling": 1, "pull": 1.0}, "model": "item/1911"},
  {"predicate": {"custom_model_data":253001, "charged": 1}, "model": "item/191101"},
  {"predicate": {"custom_model_data":253001, "charged": 1, "firework": 1}, "model": "item/191101"},
  
  {"predicate": {"custom_model_data":253002}, "model": "item/16"},
  {"predicate": {"custom_model_data":253002,"pulling": 1}, "model": "item/16"},
  {"predicate": {"custom_model_data":253002, "pulling": 1, "pull":  0.58}, "model": "item/16"},
  {"predicate": {"custom_model_data":253002, "pulling": 1, "pull": 1.0}, "model": "item/16"},
  {"predicate": {"custom_model_data":253002, "charged": 1}, "model": "item/1601"},
  {"predicate": {"custom_model_data":253002, "charged": 1, "firework": 1}, "model": "item/1601"},
  
  {"predicate": {"custom_model_data":253003}, "model": "item/24"},
  {"predicate": {"custom_model_data":253003,"pulling": 1}, "model": "item/24"},
  {"predicate": {"custom_model_data":253003, "pulling": 1, "pull":  0.58}, "model": "item/24"},
  {"predicate": {"custom_model_data":253003, "pulling": 1, "pull": 1.0}, "model": "item/24"},
  {"predicate": {"custom_model_data":253003, "charged": 1}, "model": "item/2401"},
  {"predicate": {"custom_model_data":253003, "charged": 1, "firework": 1}, "model": "item/2401"},
  
  {"predicate": {"custom_model_data":253004}, "model": "item/82"},
  {"predicate": {"custom_model_data":253004,"pulling": 1}, "model": "item/82"},
  {"predicate": {"custom_model_data":253004, "pulling": 1, "pull":  0.58}, "model": "item/82"},
  {"predicate": {"custom_model_data":253004, "pulling": 1, "pull": 1.0}, "model": "item/82"},
  {"predicate": {"custom_model_data":253004, "charged": 1}, "model": "item/8201"},
  {"predicate": {"custom_model_data":253004, "charged": 1, "firework": 1}, "model": "item/8201"},
  
  {"predicate": {"custom_model_data":253005}, "model": "item/74"},
  {"predicate": {"custom_model_data":253005,"pulling": 1}, "model": "item/74"},
  {"predicate": {"custom_model_data":253005, "pulling": 1, "pull":  0.58}, "model": "item/74"},
  {"predicate": {"custom_model_data":253005, "pulling": 1, "pull": 1.0}, "model": "item/74"},
  {"predicate": {"custom_model_data":253005, "charged": 1}, "model": "item/7401"},
  {"predicate": {"custom_model_data":253005, "charged": 1, "firework": 1}, "model": "item/7401"},
  
  {"predicate": {"custom_model_data":253006}, "model": "item/47"},
  {"predicate": {"custom_model_data":253006,"pulling": 1}, "model": "item/47"},
  {"predicate": {"custom_model_data":253006, "pulling": 1, "pull":  0.58}, "model": "item/47"},
  {"predicate": {"custom_model_data":253006, "pulling": 1, "pull": 1.0}, "model": "item/47"},
  {"predicate": {"custom_model_data":253006, "charged": 1}, "model": "item/4701"},
  {"predicate": {"custom_model_data":253006, "charged": 1, "firework": 1}, "model": "item/4701"},
  
  {"predicate": {"custom_model_data":253007}, "model": "item/15"},
  {"predicate": {"custom_model_data":253007,"pulling": 1}, "model": "item/15"},
  {"predicate": {"custom_model_data":253007, "pulling": 1, "pull":  0.58}, "model": "item/15"},
  {"predicate": {"custom_model_data":253007, "pulling": 1, "pull": 1.0}, "model": "item/15"},
  {"predicate": {"custom_model_data":253007, "charged": 1}, "model": "item/1501"},
  {"predicate": {"custom_model_data":253007, "charged": 1, "firework": 1}, "model": "item/1501"}
  
  ]
  }